count,30.0
mean,99.73333333333333
std,56.36698308060487
min,18.0
25%,55.75
50%,103.5
75%,154.75
max,191.0
var,3177.2367816091955
med,103.5
